{
    "playerPosition": {
        "x": -2.959620237350464,
        "y": 1.0533334016799927,
        "z": 1.3726284503936768
    },
    "inventoryItemIDs": [
        "_7b88fd1e-436a-44e6-b541-020bb0f27931"
    ]
}