{
    "playerPosition": {
        "x": -0.40303027629852297,
        "y": 1.0403333902359009,
        "z": -1.0346192121505738
    },
    "inventoryItemIDs": [
        "_67b0d69e-0e75-4710-840e-4f7ffd8c329c",
        "_91655866-a8a4-4a73-99e1-7e6d98cd36e3"
    ]
}